n,# test_cases,ave_time(entire),ave_time(prepare)
3,1,0.013321542739868164,5.0139427185058596e-05
