n,# test_cases,ave_time(entire),ave_time(prepare)
3,1,0.009564852714538575,0.00016826391220092773
