n,# test_cases,ave_time(entire),ave_time(prepare)
3,1,0.013360834121704102,0.00010000467300415039
