n,# test_cases,ave_time(entire),ave_time(prepare)
3,1,0.010055923461914062,0.00011042356491088867
