n,# test_cases,ave_time(entire),ave_time(prepare)
3,8,0.08136562108993531,0.00014945268630981446
