shots,ave_time,ave_fault
16,0.31684672832489014,0.3796875
1024,0.3391936540603638,0.5234375
