shots,ave_time,ave_fault
16,0.028078961372375488,0.4
1024,0.058031749725341794,0.5
