shots,ave_time,ave_fault
16,0.010882568359375,0.2
1024,0.011403906345367431,1.0
