n,# test_cases,ave_time(entire),ave_time(prepare)
1,2,0.008457386493682861,2.2804737091064454e-05
2,4,0.015719449520111083,7.96675682067871e-05
3,8,0.03361576795578003,0.0002108335494995117
4,16,0.07090890407562256,0.0005129098892211914
5,32,0.15537097454071044,0.001222372055053711
6,64,0.32090076208114626,0.0026952385902404784
