n,# test_cases,ave_time(entire),ave_time(prepare)
1,1,0.014691674709320068,0.00032656192779541017
2,1,0.013336169719696044,0.0001338839530944824
3,1,0.013748466968536377,0.0
4,1,0.014372646808624268,0.00022383928298950196
5,1,0.014520370960235595,0.0003042101860046387
6,1,0.014738106727600097,5.0020217895507815e-05
