n,# test_cases,ave_time(entire),ave_time(prepare)
1,1,0.004090535640716553,6.500482559204101e-05
2,1,0.004494905471801758,9.54747200012207e-05
3,1,0.005061376094818115,0.0001243472099304199
4,1,0.005745506286621094,0.000156247615814209
5,1,0.006262648105621338,0.0001752614974975586
6,1,0.007609510421752929,0.00020121335983276368
