n,# test_cases,ave_time(entire),ave_time(prepare)
4,2,0.02680400013923645,0.00018509030342102052
