n,# test_cases,ave_time(entire),ave_time(prepare)
4,32,0.14908459186553955,0.00039609670639038084
