n,# test_cases,ave_time(entire),ave_time(prepare)
4,2,0.010166209936141968,8.417963981628418e-05
