n,# test_cases,ave_fault
1,162,0.7478395061728395
2,324,0.7804012345679012
3,648,0.8044753086419754
4,1296,0.8079089506172841
5,2592,0.8032600308641975
6,5184,0.8041473765432098
