n,# test_cases,ave_fault
1,81,0.05308641975308642
2,81,0.6265432098765432
3,81,0.6185185185185185
4,81,0.5895061728395061
5,81,0.582716049382716
6,81,0.5648148148148148
