shots,ave_time,ave_fault
16,0.2973780661821365,0.247265625
1024,0.3266833990812302,0.25
