shots,ave_time,ave_fault
16,0.02831684947013855,0.2125
1024,0.2922365337610245,0.5
