shots,ave_time,ave_fault
16,0.019827869534492493,0.1375
1024,0.028323829174041748,0.5
