n,# test_cases,ave_fault
1,5,0.05
2,5,0.42000000000000004
3,5,0.41
4,5,0.42000000000000004
5,5,0.35
6,5,0.8
