n,# test_cases,# ave_faults
1,50,0.336
2,100,0.3955
3,200,0.39775
4,400,0.394125
5,800,0.3965625
6,1600,0.3960625
