n,# test_cases,# ave_faults
1,4,0.075
2,8,0.0375
3,16,0.05625
4,32,0.05
5,64,0.05125
6,128,0.051171875
