n,# test_cases,ave_fault
1,22,0.2727272727272727
2,22,0.28863636363636364
3,22,0.3
4,22,0.28863636363636364
5,22,0.2863636363636364
6,22,0.2909090909090909
