n,# test_cases,# ave_faults
1,22,0.002272727
2,22,0.022727273
3,22,0.106818182
4,22,0.195454545
5,22,0.188636364
6,22,0.193181818
