shots,ave_time,ave_fault
8,0.23576448559761048,0.05078125
1024,0.28306868076324465,0.0578125
