shots,ave_time,ave_fault
8,0.022114986181259157,0.025
1024,0.051928621530532834,0.05
