shots,ave_time,ave_fault
8,0.009927737712860107,0.05
1024,0.0104664146900177,0.1
