n,# test_cases,# ave_faults
1,4,0.075
2,8,0.03125
3,16,0.053125
4,32,0.05
5,64,0.0453125
6,128,0.05234375
