n,# test_cases,ave_fault
1,4,0.0375
2,8,0.0375
3,16,0.040625
4,32,0.053125
5,64,0.04765625
6,128,0.056640625
