n,# test_cases,# ave_faults
1,4,0.025
2,8,0.05
3,16,0.034375
4,32,0.0515625
5,64,0.04921875
6,128,0.05234375
