n,# test_cases,ave_time(entire),ave_time(prepare)
2,8,0.027264732122421264,6.189346313476563e-05
