n,# test_cases,ave_time(entire),ave_time(prepare)
2,2,0.017450177669525148,0.00010580420494079589
