n,# test_cases,ave_time(entire),ave_time(prepare)
2,2,0.006766963005065918,5.434751510620117e-05
