n,# test_cases,# ave_faults
1,50,0.336
2,100,0.3945
3,200,0.39575
4,400,0.39875
5,800,0.3950625
6,1600,0.3963125
