n,# test_cases,ave_fault
1,50,0.018
2,100,0.020999999999999998
3,200,0.01775
4,400,0.020874999999999998
5,800,0.022125
6,1600,0.021968750000000002
