n,# test_cases,# ave_faults
1,50,0.334
2,100,0.397
3,200,0.39325
4,400,0.39675
5,800,0.396625
6,1600,0.3944375
