n,# test_cases,ave_fault
1,81,0.9654320987654321
2,81,0.7524691358024691
3,81,0.7432098765432099
4,81,0.8080246913580247
5,81,0.8271604938271604
6,81,0.8339506172839506
