n,# test_cases,# ave_faults
1,4,0.045
2,8,0.035
3,16,0.05625
4,32,0.055
5,64,0.0521875
6,128,0.0484375
