n,# test_cases,ave_time(entire),ave_time(prepare)
2,4,0.03166675567626953,7.228851318359375e-05
