n,# test_cases,ave_time(entire),ave_time(prepare)
2,1,0.007685387134552002,5.905628204345703e-05
