n,# test_cases,ave_time(entire),ave_time(prepare)
2,1,0.01816309690475464,0.00011523962020874024
