shots,ave_time,ave_fault
8,0.011503791809082032,0.1
1008,0.01140766143798828,0.8
