shots,ave_time,ave_fault
8,0.3016995429992676,0.490625
1008,0.33309847116470337,0.625
