shots,ave_time,ave_fault
8,0.023867344856262206,0.05
1008,0.0809929370880127,0.575
