n,# test_cases,# ave_faults
1,44,0
2,88,0
3,176,0.090909091
4,352,0.181818182
5,704,0.181818182
6,1408,0.181818182
