n,# test_cases,# ave_faults
1,44,0
2,88,0
3,176,0.022727273
4,352,0.056818182
5,704,0.056818182
6,1408,0.056818182
