n,# test_cases,# ave_faults
1,22,0
2,22,0.190909091
3,22,0.284090909
4,22,0.288636364
5,22,0.279545455
6,22,0.286363636
