n,# test_cases,# ave_faults
1,4,0.06
2,8,0.2975
3,16,0.415
4,32,0.46375
5,64,0.4828125
6,128,0.428515625
