n,# test_cases,ave_time(entire),ave_time(prepare)
2,6,0.0073983212312062575,6.085435549418131e-05
