n,# test_cases,ave_time(entire),ave_time(prepare)
2,6,0.01143183708190918,8.644858996073404e-05
