n,# test_cases,ave_time(entire),ave_time(prepare)
2,24,0.02826473315556844,7.040500640869141e-05
