n,# test_cases,ave_fault
1,44,0.272727273
2,88,0.272727273
3,176,0.272727273
4,352,0.272727273
5,704,0.272727273
6,1408,0.272727273
