n,# test_cases,# ave_faults
1,44,0
2,88,0.090909091
3,176,0.136363636
4,352,0.136363636
5,704,0.136363636
6,1408,0.136363636
