n,# test_cases,# ave_faults
1,22,0.009090909
2,22,0.097727273
3,22,0.195454545
4,22,0.236363636
5,22,0.238636364
6,22,0.236363636
