n,# test_cases,# ave_faults
1,22,0.009090909
2,22,0.011363636
3,22,0.113636364
4,22,0.197727273
5,22,0.190909091
6,22,0.190909091
