n,# test_cases,# ave_faults
1,44,0
2,88,0.136363636
3,176,0.227272727
4,352,0.227272727
5,704,0.227272727
6,1408,0.227272727
