n,# test_cases,# ave_faults
1,22,0.002272727
2,22,0.193181818
3,22,0.284090909
4,22,0.277272727
5,22,0.279545455
6,22,0.275
