test_suite,# test_cases,ave_fault
T0,50,0.044
T1,50,0.05
T2,50,0.037
T3,50,0.043
T4,25,0.052000000000000005
T5,25,0.041999999999999996
T6,25,0.036
T7,25,0.04
