n,# test_cases,ave_time(entire),ave_time(prepare)
3,8,0.12109512090682983,0.0007214069366455079
