n,# test_cases,ave_time(entire),ave_time(prepare)
3,1,0.06412743330001831,0.0001999974250793457
