n,# test_cases,ave_time(entire),ave_time(prepare)
3,1,0.012656009197235108,6.959438323974609e-05
