n,# test_cases,ave_time(entire),ave_time(prepare)
3,1,0.05529981851577759,0.00014132261276245117
