n,# test_cases,ave_time(entire),ave_time(prepare)
3,8,0.08709583282470704,0.0006284713745117188
