n,# test_cases,ave_time(entire),ave_time(prepare)
3,1,0.01529994010925293,0.0001000523567199707
