n,# test_cases,ave_fault
1,162,0.5169753086419753
2,324,0.5125
3,648,0.5063271604938271
4,1296,0.5095293209876544
5,2592,0.508912037037037
6,5184,0.5114776234567902
