n,# test_cases,ave_fault
1,81,0.9648148148148149
2,81,0.7141975308641976
3,81,0.7197530864197531
4,81,0.791358024691358
5,81,0.8111111111111111
6,81,0.8216049382716049
