n,# test_cases,ave_fault
1,162,0.283641975308642
2,324,0.4135802469135802
3,648,0.47816358024691363
4,1296,0.5059027777777778
5,2592,0.5172839506172839
6,5184,0.5208719135802469
