n,# test_cases,ave_fault
1,162,0.28858024691358025
2,324,0.41157407407407404
3,648,0.47384259259259254
4,1296,0.5070601851851853
5,2592,0.5164930555555556
6,5184,0.5212577160493828
