n,# test_cases,ave_fault
1,162,0.040123456790123455
2,324,0.5092592592592593
3,648,0.5892746913580247
4,1296,0.6152391975308642
5,2592,0.629320987654321
6,5184,0.6340374228395061
