n,# test_cases,ave_fault
1,81,0.536419753
2,81,0.377777778
3,81,0.481481481
4,81,0.524074074
5,81,0.533950617
6,81,0.540123457
