n,# test_cases,ave_fault
1,162,0.5012345679012346
2,324,0.5018518518518518
3,648,0.4994598765432099
4,1296,0.496875
5,2592,0.4961998456790123
6,5184,0.49609375
