n,# test_cases,ave_fault
1,81,0.7438271604938271
2,81,0.5919753086419753
3,81,0.6901234567901234
4,81,0.7240740740740741
5,81,0.7382716049382716
6,81,0.7444444444444445
