n,# test_cases,ave_fault
1,81,0.5358024691358024
2,81,0.3771604938271605
3,81,0.4783950617283951
4,81,0.5277777777777778
5,81,0.5308641975308641
6,81,0.5351851851851852
