n,# test_cases,ave_time(entire),ave_time(prepare)
2,1,0.019053828716278077,0.00011261701583862305
