n,# test_cases,ave_time(entire),ave_time(prepare)
2,1,0.00998152494430542,5.968809127807617e-05
