n,# test_cases,ave_time(entire),ave_time(prepare)
2,4,0.03642746210098267,6.465911865234375e-05
