n,# test_cases,# ave_faults
1,50,0.337
2,100,0.3925
3,200,0.39575
4,400,0.39525
5,800,0.397
6,1600,0.3958125
