n,# test_cases,# ave_faults
2,500,0.6
3,1000,0.5035
4,2000,0.57825
5,4000,0.4968625
6,8000,0.69195
