n,# test_cases,ave_fault
2,125,0.532
3,125,0.3928
4,125,0.564
5,125,0.31880000000000003
6,125,0.45599999999999996
