n,# test_cases,# ave_faults
1,10,0.1
2,20,0.25
3,40,0.35
4,80,0.450625
5,160,0.488125
6,320,0.65140625
