n,# test_cases,ave_time(entire),ave_time(prepare)
1,1,0.008059811592102051,0.0
2,1,0.008864092826843261,0.0
3,1,0.008722949028015136,0.00048383474349975584
4,1,0.008739137649536132,0.0
5,1,0.008048880100250243,0.0
6,1,0.010462987422943115,0.00010007619857788086
