n,# test_cases,ave_time(entire),ave_time(prepare)
3,1,0.07207846641540527,0.00014997720718383788
