n,# test_cases,ave_time(entire),ave_time(prepare)
3,1,0.015329492092132569,5.0008296966552734e-05
