n,# test_cases,ave_time(entire),ave_time(prepare)
3,1,0.067870831489563,0.00019998550415039061
