n,# test_cases,ave_time(entire),ave_time(prepare)
3,8,0.12342289686203003,0.0005995035171508789
