n,# test_cases,ave_time(entire),ave_time(prepare)
3,8,0.11643149852752685,0.001056528091430664
