n,# test_cases,ave_time(entire),ave_time(prepare)
3,1,0.01460270881652832,5.182027816772461e-05
