shots,ave_time,ave_fault
8,0.017030632495880126,0.1
1024,0.018334412574768068,1.0
