shots,ave_time,ave_fault
8,0.03850265741348267,0.025
1024,0.9844748318195343,0.0625
