shots,ave_time,ave_fault
8,0.26137126445770265,0.2
1024,0.2904829168319702,0.2
