shots,ave_time,ave_fault
8,0.19733362197875975,0.625
1024,0.18996480703353882,0.625
