shots,ave_time,ave_fault
8,0.03439621925354004,0.0
1024,0.03264472484588623,0.05
