shots,ave_time,ave_fault
8,0.035460126399993894,0.5
1024,0.5152386665344239,1.0
