shots,ave_time,ave_fault
8,0.306837922334671,0.0
1024,0.32421683669090273,0.0
