shots,ave_time,ave_fault
8,0.009047985076904297,0.0
1008,0.010359060764312745,0.05
