shots,ave_time,ave_fault
8,0.01930776834487915,0.0
1008,0.04756178855895996,0.05
