shots,ave_time,ave_fault
8,0.24540168046951294,0.334375
1008,0.26745798587799074,0.525
